-- phpMyAdmin SQL Dump
-- version 4.5.1
-- http://www.phpmyadmin.net
--
-- Host: 127.0.0.1
-- Generation Time: Mar 24, 2017 at 10:54 AM
-- Server version: 10.1.19-MariaDB
-- PHP Version: 5.6.24

SET SQL_MODE = "NO_AUTO_VALUE_ON_ZERO";
SET time_zone = "+00:00";


/*!40101 SET @OLD_CHARACTER_SET_CLIENT=@@CHARACTER_SET_CLIENT */;
/*!40101 SET @OLD_CHARACTER_SET_RESULTS=@@CHARACTER_SET_RESULTS */;
/*!40101 SET @OLD_COLLATION_CONNECTION=@@COLLATION_CONNECTION */;
/*!40101 SET NAMES utf8mb4 */;

--
-- Database: `ketqua`
--

-- --------------------------------------------------------

--
-- Table structure for table `dongias`
--

CREATE TABLE `dongias` (
  `id` int(11) NOT NULL,
  `don_vi` float UNSIGNED NOT NULL DEFAULT '0' COMMENT 'VND',
  `ten` varchar(100) COLLATE utf8_unicode_ci DEFAULT NULL,
  `kieu` int(2) NOT NULL DEFAULT '1' COMMENT '1 la lo,0 la de',
  `created` datetime NOT NULL,
  `modified` datetime NOT NULL
) ENGINE=InnoDB DEFAULT CHARSET=utf8 COLLATE=utf8_unicode_ci;

-- --------------------------------------------------------

--
-- Table structure for table `giaithuongs`
--

CREATE TABLE `giaithuongs` (
  `id` int(10) UNSIGNED NOT NULL,
  `loto` int(10) UNSIGNED DEFAULT NULL,
  `diem` float UNSIGNED DEFAULT '0',
  `so_nhay` int(10) UNSIGNED DEFAULT NULL,
  `date` date NOT NULL,
  `tien_danh` int(255) NOT NULL,
  `tien_trung` int(11) NOT NULL,
  `trang_thai` int(2) UNSIGNED DEFAULT '1' COMMENT '1 la lo,0 la de',
  `gia_diem` float NOT NULL DEFAULT '0',
  `gia_trung` float NOT NULL,
  `ketqua_id` int(255) UNSIGNED DEFAULT NULL,
  `bang` int(11) DEFAULT NULL COMMENT 'vi tri bang trong ngay',
  `so_du` float NOT NULL DEFAULT '0',
  `tong_diem_trung` float UNSIGNED NOT NULL DEFAULT '0',
  `created` datetime NOT NULL,
  `modified` datetime NOT NULL
) ENGINE=InnoDB DEFAULT CHARSET=utf8 COLLATE=utf8_unicode_ci;

--
-- Dumping data for table `giaithuongs`
--

INSERT INTO `giaithuongs` (`id`, `loto`, `diem`, `so_nhay`, `date`, `tien_danh`, `tien_trung`, `trang_thai`, `gia_diem`, `gia_trung`, `ketqua_id`, `bang`, `so_du`, `tong_diem_trung`, `created`, `modified`) VALUES
(11, 15, 20, 2, '2017-03-23', 434000, 3200000, 1, 21700, 80000, 167, 1, -2766000, 40, '2017-03-24 09:59:16', '2017-03-24 09:59:16'),
(12, 19, 90, 0, '2017-03-23', 1953000, 0, 1, 21700, 80000, 167, 1, 1953000, 0, '2017-03-24 09:59:20', '2017-03-24 09:59:20'),
(13, 10, 10, 0, '2017-03-23', 217000, 0, 1, 21700, 80000, 167, 1, 217000, 0, '2017-03-24 09:59:23', '2017-03-24 09:59:23'),
(14, 11, 20, 1, '2017-03-23', 434000, 1600000, 1, 21700, 80000, 167, 1, -1166000, 20, '2017-03-24 09:59:26', '2017-03-24 09:59:26'),
(15, 22, 30, 1, '2017-03-23', 651000, 2400000, 1, 21700, 80000, 167, 1, -1749000, 30, '2017-03-24 09:59:29', '2017-03-24 09:59:29'),
(16, 9, 5, 0, '2017-03-23', 108500, 0, 1, 21700, 80000, 167, 1, 108500, 0, '2017-03-24 09:59:32', '2017-03-24 09:59:32'),
(17, 1, 1, 0, '2017-03-23', 21700, 0, 1, 21700, 80000, 167, 1, 21700, 0, '2017-03-24 09:59:36', '2017-03-24 09:59:36'),
(18, 2, 2, 0, '2017-03-23', 43400, 0, 1, 21700, 80000, 167, 1, 43400, 0, '2017-03-24 09:59:38', '2017-03-24 09:59:38'),
(19, 1, 2, 0, '2017-03-23', 43400, 0, 1, 21700, 80000, 167, 1, 43400, 0, '2017-03-24 10:07:04', '2017-03-24 10:07:04'),
(20, 1, 2, 0, '2017-03-23', 43400, 0, 1, 21700, 80000, 167, 1, 43400, 0, '2017-03-24 10:07:13', '2017-03-24 10:07:13'),
(21, 1, 2, 0, '2017-03-23', 43400, 0, 1, 21700, 80000, 167, 1, 43400, 0, '2017-03-24 10:07:33', '2017-03-24 10:07:33'),
(22, 1, 1, 0, '2017-03-21', 21700, 0, 1, 21700, 80000, 165, 1, 21700, 0, '2017-03-24 10:16:58', '2017-03-24 10:16:58'),
(23, 2, 2, 1, '2017-03-21', 43400, 160000, 1, 21700, 80000, 165, 1, -116600, 2, '2017-03-24 10:17:03', '2017-03-24 10:17:03'),
(24, 2, 9, 1, '2017-03-21', 195300, 720000, 1, 21700, 80000, 165, 1, -524700, 9, '2017-03-24 10:25:56', '2017-03-24 10:25:56'),
(25, 9, 10, 0, '2017-03-21', 217000, 0, 1, 21700, 80000, 165, 1, 217000, 0, '2017-03-24 10:26:38', '2017-03-24 10:26:38'),
(26, 9, 9, 0, '2017-03-21', 195300, 0, 1, 21700, 80000, 165, 1, 195300, 0, '2017-03-24 10:26:42', '2017-03-24 10:26:42'),
(27, 8, 8, 1, '2017-03-21', 173600, 640000, 1, 21700, 80000, 165, 1, -466400, 8, '2017-03-24 10:26:55', '2017-03-24 10:26:55');

-- --------------------------------------------------------

--
-- Table structure for table `ketquas`
--

CREATE TABLE `ketquas` (
  `id` int(10) UNSIGNED NOT NULL,
  `nhat` varchar(30) COLLATE utf8_unicode_ci DEFAULT NULL,
  `nhi` varchar(30) COLLATE utf8_unicode_ci DEFAULT NULL,
  `ba` varchar(100) COLLATE utf8_unicode_ci DEFAULT NULL,
  `tu` varchar(100) COLLATE utf8_unicode_ci DEFAULT NULL,
  `nam` varchar(100) COLLATE utf8_unicode_ci DEFAULT NULL,
  `sau` varchar(100) COLLATE utf8_unicode_ci DEFAULT NULL,
  `bay` varchar(100) COLLATE utf8_unicode_ci DEFAULT NULL,
  `dacbiet` varchar(10) COLLATE utf8_unicode_ci DEFAULT NULL,
  `date` date DEFAULT NULL,
  `created` datetime NOT NULL,
  `modified` datetime NOT NULL
) ENGINE=InnoDB DEFAULT CHARSET=utf8 COLLATE=utf8_unicode_ci;

--
-- Dumping data for table `ketquas`
--

INSERT INTO `ketquas` (`id`, `nhat`, `nhi`, `ba`, `tu`, `nam`, `sau`, `bay`, `dacbiet`, `date`, `created`, `modified`) VALUES
(160, '27211', '[" 69543 "," 30542\\n"]', '[" 94479 "," 86652 "," 83668 "," 17313 "," 68377 "," 04018\\n"]', '[" 3027 "," 8725 "," 1501 "," 4417\\n"]', '[" 3060 "," 7049 "," 7374 "," 2712 "," 5775 "," 4106\\n"]', '[" 815 "," 379 "," 314\\n"]', '[" 13 "," 38 "," 69 "," 54"]', '33000', '2017-03-16', '2017-03-22 08:43:31', '2017-03-22 08:43:31'),
(161, '63718', '[" 72912 "," 91838\\n"]', '[" 37524 "," 54811 "," 37377 "," 57689 "," 11881 "," 52707\\n"]', '[" 9544 "," 6543 "," 1033 "," 3187\\n"]', '[" 5471 "," 4879 "," 1053 "," 2430 "," 8445 "," 1813\\n"]', '[" 957 "," 680 "," 089\\n"]', '[" 39 "," 03 "," 99 "," 63"]', '72191', '2017-03-17', '2017-03-22 08:43:31', '2017-03-22 08:43:31'),
(162, '65916', '[" 83703 "," 20940\\n"]', '[" 28688 "," 65088 "," 23689 "," 33610 "," 05937 "," 76922\\n"]', '[" 6610 "," 7712 "," 0796 "," 5519\\n"]', '[" 5718 "," 9243 "," 0473 "," 0610 "," 6779 "," 0934\\n"]', '[" 292 "," 286 "," 138\\n"]', '[" 48 "," 33 "," 60 "," 20"]', '28263', '2017-03-18', '2017-03-22 08:43:31', '2017-03-22 08:43:31'),
(163, '44341', '[" 20834 "," 60921\\n"]', '[" 75701 "," 23662 "," 50466 "," 17180 "," 23834 "," 04315\\n"]', '[" 9888 "," 9328 "," 9063 "," 3717\\n"]', '[" 6887 "," 9933 "," 7862 "," 1764 "," 8755 "," 1087\\n"]', '[" 589 "," 515 "," 013\\n"]', '[" 60 "," 34 "," 45 "," 22"]', '34365', '2017-03-19', '2017-03-22 08:43:31', '2017-03-22 08:43:31'),
(164, '17186', '[" 90948 "," 39949\\n"]', '[" 98412 "," 96947 "," 65814 "," 77809 "," 68009 "," 29967\\n"]', '[" 2059 "," 3110 "," 8103 "," 5768\\n"]', '[" 8183 "," 4631 "," 6561 "," 6823 "," 6922 "," 8485\\n"]', '[" 416 "," 891 "," 678\\n"]', '[" 56 "," 46 "," 73 "," 03"]', '80860', '2017-03-20', '2017-03-22 08:43:31', '2017-03-22 08:43:31'),
(165, '96694', '[" 90108 "," 11196\\n"]', '[" 14230 "," 27886 "," 53194 "," 17669 "," 82077 "," 68695\\n"]', '[" 0057 "," 6241 "," 5144 "," 0693\\n"]', '[" 9771 "," 1960 "," 9838 "," 2491 "," 8312 "," 8135\\n"]', '[" 160 "," 071 "," 734\\n"]', '[" 49 "," 60 "," 02 "," 12"]', '15998', '2017-03-21', '2017-03-22 08:43:31', '2017-03-22 08:43:31'),
(166, '09021', '[" 50710 "," 08397\\n"]', '[" 29635 "," 51937 "," 03655 "," 39196 "," 16330 "," 95110\\n"]', '[" 0898 "," 7278 "," 0642 "," 5049\\n"]', '[" 7152 "," 4941 "," 6691 "," 0643 "," 2509 "," 1148\\n"]', '[" 920 "," 066 "," 734\\n"]', '[" 95 "," 38 "," 23 "," 34"]', '70175', '2017-03-22', '2017-03-23 02:41:32', '2017-03-23 02:41:32'),
(167, '54615', '[" 30722 "," 78570\\n"]', '[" 07676 "," 05466 "," 79265 "," 64415 "," 49825 "," 89174\\n"]', '[" 1243 "," 9967 "," 1126 "," 1378\\n"]', '[" 5335 "," 3780 "," 4631 "," 7949 "," 3911 "," 4373\\n"]', '[" 560 "," 528 "," 854\\n"]', '[" 72 "," 68 "," 35 "," 81"]', '06750', '2017-03-23', '2017-03-24 02:38:05', '2017-03-24 02:38:05');

-- --------------------------------------------------------

--
-- Table structure for table `lotos`
--

CREATE TABLE `lotos` (
  `id` int(255) UNSIGNED NOT NULL,
  `ketqua_id` int(255) UNSIGNED DEFAULT NULL,
  `loto` int(10) UNSIGNED DEFAULT NULL,
  `dau` int(10) DEFAULT NULL,
  `dit` int(10) DEFAULT NULL,
  `dacbiet` int(2) DEFAULT NULL,
  `giai` int(10) DEFAULT NULL,
  `date` date DEFAULT NULL,
  `created` datetime NOT NULL,
  `modified` datetime NOT NULL
) ENGINE=InnoDB DEFAULT CHARSET=utf8 COLLATE=utf8_unicode_ci;

--
-- Dumping data for table `lotos`
--

INSERT INTO `lotos` (`id`, `ketqua_id`, `loto`, `dau`, `dit`, `dacbiet`, `giai`, `date`, `created`, `modified`) VALUES
(4276, 162, 16, 1, 6, 0, 1, '2017-03-18', '2017-03-24 10:41:41', '2017-03-24 10:41:41'),
(4277, 162, 3, 0, 3, 0, 2, '2017-03-18', '2017-03-24 10:41:41', '2017-03-24 10:41:41'),
(4278, 162, 40, 4, 0, 0, 2, '2017-03-18', '2017-03-24 10:41:41', '2017-03-24 10:41:41'),
(4279, 162, 88, 8, 8, 0, 3, '2017-03-18', '2017-03-24 10:41:41', '2017-03-24 10:41:41'),
(4280, 162, 88, 8, 8, 0, 3, '2017-03-18', '2017-03-24 10:41:41', '2017-03-24 10:41:41'),
(4281, 162, 89, 8, 9, 0, 3, '2017-03-18', '2017-03-24 10:41:41', '2017-03-24 10:41:41'),
(4282, 162, 10, 1, 0, 0, 3, '2017-03-18', '2017-03-24 10:41:41', '2017-03-24 10:41:41'),
(4283, 162, 37, 3, 7, 0, 3, '2017-03-18', '2017-03-24 10:41:41', '2017-03-24 10:41:41'),
(4284, 162, 22, 2, 2, 0, 3, '2017-03-18', '2017-03-24 10:41:41', '2017-03-24 10:41:41'),
(4285, 162, 10, 1, 0, 0, 4, '2017-03-18', '2017-03-24 10:41:41', '2017-03-24 10:41:41'),
(4286, 162, 12, 1, 2, 0, 4, '2017-03-18', '2017-03-24 10:41:41', '2017-03-24 10:41:41'),
(4287, 162, 96, 9, 6, 0, 4, '2017-03-18', '2017-03-24 10:41:41', '2017-03-24 10:41:41'),
(4288, 162, 19, 1, 9, 0, 4, '2017-03-18', '2017-03-24 10:41:41', '2017-03-24 10:41:41'),
(4289, 162, 18, 1, 8, 0, 5, '2017-03-18', '2017-03-24 10:41:41', '2017-03-24 10:41:41'),
(4290, 162, 43, 4, 3, 0, 5, '2017-03-18', '2017-03-24 10:41:41', '2017-03-24 10:41:41'),
(4291, 162, 73, 7, 3, 0, 5, '2017-03-18', '2017-03-24 10:41:41', '2017-03-24 10:41:41'),
(4292, 162, 10, 1, 0, 0, 5, '2017-03-18', '2017-03-24 10:41:41', '2017-03-24 10:41:41'),
(4293, 162, 79, 7, 9, 0, 5, '2017-03-18', '2017-03-24 10:41:41', '2017-03-24 10:41:41'),
(4294, 162, 34, 3, 4, 0, 5, '2017-03-18', '2017-03-24 10:41:41', '2017-03-24 10:41:41'),
(4295, 162, 92, 9, 2, 0, 6, '2017-03-18', '2017-03-24 10:41:41', '2017-03-24 10:41:41'),
(4296, 162, 86, 8, 6, 0, 6, '2017-03-18', '2017-03-24 10:41:41', '2017-03-24 10:41:41'),
(4297, 162, 38, 3, 8, 0, 6, '2017-03-18', '2017-03-24 10:41:41', '2017-03-24 10:41:41'),
(4298, 162, 48, 4, 8, 0, 7, '2017-03-18', '2017-03-24 10:41:41', '2017-03-24 10:41:41'),
(4299, 162, 33, 3, 3, 0, 7, '2017-03-18', '2017-03-24 10:41:41', '2017-03-24 10:41:41'),
(4300, 162, 60, 6, 0, 0, 7, '2017-03-18', '2017-03-24 10:41:41', '2017-03-24 10:41:41'),
(4301, 162, 20, 2, 0, 0, 7, '2017-03-18', '2017-03-24 10:41:41', '2017-03-24 10:41:41'),
(4302, 28263, 63, 6, 3, 1, 8, '2017-03-18', '2017-03-24 10:41:41', '2017-03-24 10:41:41'),
(4303, 163, 41, 4, 1, 0, 1, '2017-03-19', '2017-03-24 10:41:41', '2017-03-24 10:41:41'),
(4304, 163, 34, 3, 4, 0, 2, '2017-03-19', '2017-03-24 10:41:41', '2017-03-24 10:41:41'),
(4305, 163, 21, 2, 1, 0, 2, '2017-03-19', '2017-03-24 10:41:41', '2017-03-24 10:41:41'),
(4306, 163, 1, 0, 1, 0, 3, '2017-03-19', '2017-03-24 10:41:41', '2017-03-24 10:41:41'),
(4307, 163, 62, 6, 2, 0, 3, '2017-03-19', '2017-03-24 10:41:41', '2017-03-24 10:41:41'),
(4308, 163, 66, 6, 6, 0, 3, '2017-03-19', '2017-03-24 10:41:41', '2017-03-24 10:41:41'),
(4309, 163, 80, 8, 0, 0, 3, '2017-03-19', '2017-03-24 10:41:41', '2017-03-24 10:41:41'),
(4310, 163, 34, 3, 4, 0, 3, '2017-03-19', '2017-03-24 10:41:41', '2017-03-24 10:41:41'),
(4311, 163, 15, 1, 5, 0, 3, '2017-03-19', '2017-03-24 10:41:41', '2017-03-24 10:41:41'),
(4312, 163, 88, 8, 8, 0, 4, '2017-03-19', '2017-03-24 10:41:41', '2017-03-24 10:41:41'),
(4313, 163, 28, 2, 8, 0, 4, '2017-03-19', '2017-03-24 10:41:41', '2017-03-24 10:41:41'),
(4314, 163, 63, 6, 3, 0, 4, '2017-03-19', '2017-03-24 10:41:41', '2017-03-24 10:41:41'),
(4315, 163, 17, 1, 7, 0, 4, '2017-03-19', '2017-03-24 10:41:41', '2017-03-24 10:41:41'),
(4316, 163, 87, 8, 7, 0, 5, '2017-03-19', '2017-03-24 10:41:41', '2017-03-24 10:41:41'),
(4317, 163, 33, 3, 3, 0, 5, '2017-03-19', '2017-03-24 10:41:41', '2017-03-24 10:41:41'),
(4318, 163, 62, 6, 2, 0, 5, '2017-03-19', '2017-03-24 10:41:41', '2017-03-24 10:41:41'),
(4319, 163, 64, 6, 4, 0, 5, '2017-03-19', '2017-03-24 10:41:41', '2017-03-24 10:41:41'),
(4320, 163, 55, 5, 5, 0, 5, '2017-03-19', '2017-03-24 10:41:41', '2017-03-24 10:41:41'),
(4321, 163, 87, 8, 7, 0, 5, '2017-03-19', '2017-03-24 10:41:41', '2017-03-24 10:41:41'),
(4322, 163, 89, 8, 9, 0, 6, '2017-03-19', '2017-03-24 10:41:41', '2017-03-24 10:41:41'),
(4323, 163, 15, 1, 5, 0, 6, '2017-03-19', '2017-03-24 10:41:41', '2017-03-24 10:41:41'),
(4324, 163, 13, 1, 3, 0, 6, '2017-03-19', '2017-03-24 10:41:41', '2017-03-24 10:41:41'),
(4325, 163, 60, 6, 0, 0, 7, '2017-03-19', '2017-03-24 10:41:41', '2017-03-24 10:41:41'),
(4326, 163, 34, 3, 4, 0, 7, '2017-03-19', '2017-03-24 10:41:41', '2017-03-24 10:41:41'),
(4327, 163, 45, 4, 5, 0, 7, '2017-03-19', '2017-03-24 10:41:41', '2017-03-24 10:41:41'),
(4328, 163, 22, 2, 2, 0, 7, '2017-03-19', '2017-03-24 10:41:41', '2017-03-24 10:41:41'),
(4329, 34365, 65, 6, 5, 1, 8, '2017-03-19', '2017-03-24 10:41:41', '2017-03-24 10:41:41'),
(4330, 164, 86, 8, 6, 0, 1, '2017-03-20', '2017-03-24 10:41:41', '2017-03-24 10:41:41'),
(4331, 164, 48, 4, 8, 0, 2, '2017-03-20', '2017-03-24 10:41:41', '2017-03-24 10:41:41'),
(4332, 164, 49, 4, 9, 0, 2, '2017-03-20', '2017-03-24 10:41:41', '2017-03-24 10:41:41'),
(4333, 164, 12, 1, 2, 0, 3, '2017-03-20', '2017-03-24 10:41:41', '2017-03-24 10:41:41'),
(4334, 164, 47, 4, 7, 0, 3, '2017-03-20', '2017-03-24 10:41:41', '2017-03-24 10:41:41'),
(4335, 164, 14, 1, 4, 0, 3, '2017-03-20', '2017-03-24 10:41:41', '2017-03-24 10:41:41'),
(4336, 164, 9, 0, 9, 0, 3, '2017-03-20', '2017-03-24 10:41:41', '2017-03-24 10:41:41'),
(4337, 164, 9, 0, 9, 0, 3, '2017-03-20', '2017-03-24 10:41:41', '2017-03-24 10:41:41'),
(4338, 164, 67, 6, 7, 0, 3, '2017-03-20', '2017-03-24 10:41:41', '2017-03-24 10:41:41'),
(4339, 164, 59, 5, 9, 0, 4, '2017-03-20', '2017-03-24 10:41:41', '2017-03-24 10:41:41'),
(4340, 164, 10, 1, 0, 0, 4, '2017-03-20', '2017-03-24 10:41:41', '2017-03-24 10:41:41'),
(4341, 164, 3, 0, 3, 0, 4, '2017-03-20', '2017-03-24 10:41:41', '2017-03-24 10:41:41'),
(4342, 164, 68, 6, 8, 0, 4, '2017-03-20', '2017-03-24 10:41:41', '2017-03-24 10:41:41'),
(4343, 164, 83, 8, 3, 0, 5, '2017-03-20', '2017-03-24 10:41:41', '2017-03-24 10:41:41'),
(4344, 164, 31, 3, 1, 0, 5, '2017-03-20', '2017-03-24 10:41:41', '2017-03-24 10:41:41'),
(4345, 164, 61, 6, 1, 0, 5, '2017-03-20', '2017-03-24 10:41:41', '2017-03-24 10:41:41'),
(4346, 164, 23, 2, 3, 0, 5, '2017-03-20', '2017-03-24 10:41:41', '2017-03-24 10:41:41'),
(4347, 164, 22, 2, 2, 0, 5, '2017-03-20', '2017-03-24 10:41:41', '2017-03-24 10:41:41'),
(4348, 164, 85, 8, 5, 0, 5, '2017-03-20', '2017-03-24 10:41:41', '2017-03-24 10:41:41'),
(4349, 164, 16, 1, 6, 0, 6, '2017-03-20', '2017-03-24 10:41:41', '2017-03-24 10:41:41'),
(4350, 164, 91, 9, 1, 0, 6, '2017-03-20', '2017-03-24 10:41:41', '2017-03-24 10:41:41'),
(4351, 164, 78, 7, 8, 0, 6, '2017-03-20', '2017-03-24 10:41:41', '2017-03-24 10:41:41'),
(4352, 164, 56, 5, 6, 0, 7, '2017-03-20', '2017-03-24 10:41:41', '2017-03-24 10:41:41'),
(4353, 164, 46, 4, 6, 0, 7, '2017-03-20', '2017-03-24 10:41:41', '2017-03-24 10:41:41'),
(4354, 164, 73, 7, 3, 0, 7, '2017-03-20', '2017-03-24 10:41:41', '2017-03-24 10:41:41'),
(4355, 164, 3, 0, 3, 0, 7, '2017-03-20', '2017-03-24 10:41:41', '2017-03-24 10:41:41'),
(4356, 80860, 60, 6, 0, 1, 8, '2017-03-20', '2017-03-24 10:41:41', '2017-03-24 10:41:41'),
(4357, 165, 94, 9, 4, 0, 1, '2017-03-21', '2017-03-24 10:41:41', '2017-03-24 10:41:41'),
(4358, 165, 8, 0, 8, 0, 2, '2017-03-21', '2017-03-24 10:41:41', '2017-03-24 10:41:41'),
(4359, 165, 96, 9, 6, 0, 2, '2017-03-21', '2017-03-24 10:41:41', '2017-03-24 10:41:41'),
(4360, 165, 30, 3, 0, 0, 3, '2017-03-21', '2017-03-24 10:41:41', '2017-03-24 10:41:41'),
(4361, 165, 86, 8, 6, 0, 3, '2017-03-21', '2017-03-24 10:41:41', '2017-03-24 10:41:41'),
(4362, 165, 94, 9, 4, 0, 3, '2017-03-21', '2017-03-24 10:41:41', '2017-03-24 10:41:41'),
(4363, 165, 69, 6, 9, 0, 3, '2017-03-21', '2017-03-24 10:41:41', '2017-03-24 10:41:41'),
(4364, 165, 77, 7, 7, 0, 3, '2017-03-21', '2017-03-24 10:41:41', '2017-03-24 10:41:41'),
(4365, 165, 95, 9, 5, 0, 3, '2017-03-21', '2017-03-24 10:41:41', '2017-03-24 10:41:41'),
(4366, 165, 57, 5, 7, 0, 4, '2017-03-21', '2017-03-24 10:41:41', '2017-03-24 10:41:41'),
(4367, 165, 41, 4, 1, 0, 4, '2017-03-21', '2017-03-24 10:41:41', '2017-03-24 10:41:41'),
(4368, 165, 44, 4, 4, 0, 4, '2017-03-21', '2017-03-24 10:41:41', '2017-03-24 10:41:41'),
(4369, 165, 93, 9, 3, 0, 4, '2017-03-21', '2017-03-24 10:41:41', '2017-03-24 10:41:41'),
(4370, 165, 71, 7, 1, 0, 5, '2017-03-21', '2017-03-24 10:41:41', '2017-03-24 10:41:41'),
(4371, 165, 60, 6, 0, 0, 5, '2017-03-21', '2017-03-24 10:41:41', '2017-03-24 10:41:41'),
(4372, 165, 38, 3, 8, 0, 5, '2017-03-21', '2017-03-24 10:41:41', '2017-03-24 10:41:41'),
(4373, 165, 91, 9, 1, 0, 5, '2017-03-21', '2017-03-24 10:41:41', '2017-03-24 10:41:41'),
(4374, 165, 12, 1, 2, 0, 5, '2017-03-21', '2017-03-24 10:41:41', '2017-03-24 10:41:41'),
(4375, 165, 35, 3, 5, 0, 5, '2017-03-21', '2017-03-24 10:41:41', '2017-03-24 10:41:41'),
(4376, 165, 60, 6, 0, 0, 6, '2017-03-21', '2017-03-24 10:41:41', '2017-03-24 10:41:41'),
(4377, 165, 71, 7, 1, 0, 6, '2017-03-21', '2017-03-24 10:41:41', '2017-03-24 10:41:41'),
(4378, 165, 34, 3, 4, 0, 6, '2017-03-21', '2017-03-24 10:41:41', '2017-03-24 10:41:41'),
(4379, 165, 49, 4, 9, 0, 7, '2017-03-21', '2017-03-24 10:41:41', '2017-03-24 10:41:41'),
(4380, 165, 60, 6, 0, 0, 7, '2017-03-21', '2017-03-24 10:41:41', '2017-03-24 10:41:41'),
(4381, 165, 2, 0, 2, 0, 7, '2017-03-21', '2017-03-24 10:41:41', '2017-03-24 10:41:41'),
(4382, 165, 12, 1, 2, 0, 7, '2017-03-21', '2017-03-24 10:41:41', '2017-03-24 10:41:41'),
(4383, 15998, 98, 9, 8, 1, 8, '2017-03-21', '2017-03-24 10:41:41', '2017-03-24 10:41:41'),
(4384, 166, 21, 2, 1, 0, 1, '2017-03-22', '2017-03-24 10:41:41', '2017-03-24 10:41:41'),
(4385, 166, 10, 1, 0, 0, 2, '2017-03-22', '2017-03-24 10:41:41', '2017-03-24 10:41:41'),
(4386, 166, 97, 9, 7, 0, 2, '2017-03-22', '2017-03-24 10:41:41', '2017-03-24 10:41:41'),
(4387, 166, 35, 3, 5, 0, 3, '2017-03-22', '2017-03-24 10:41:41', '2017-03-24 10:41:41'),
(4388, 166, 37, 3, 7, 0, 3, '2017-03-22', '2017-03-24 10:41:41', '2017-03-24 10:41:41'),
(4389, 166, 55, 5, 5, 0, 3, '2017-03-22', '2017-03-24 10:41:41', '2017-03-24 10:41:41'),
(4390, 166, 96, 9, 6, 0, 3, '2017-03-22', '2017-03-24 10:41:41', '2017-03-24 10:41:41'),
(4391, 166, 30, 3, 0, 0, 3, '2017-03-22', '2017-03-24 10:41:41', '2017-03-24 10:41:41'),
(4392, 166, 10, 1, 0, 0, 3, '2017-03-22', '2017-03-24 10:41:41', '2017-03-24 10:41:41'),
(4393, 166, 98, 9, 8, 0, 4, '2017-03-22', '2017-03-24 10:41:41', '2017-03-24 10:41:41'),
(4394, 166, 78, 7, 8, 0, 4, '2017-03-22', '2017-03-24 10:41:41', '2017-03-24 10:41:41'),
(4395, 166, 42, 4, 2, 0, 4, '2017-03-22', '2017-03-24 10:41:41', '2017-03-24 10:41:41'),
(4396, 166, 49, 4, 9, 0, 4, '2017-03-22', '2017-03-24 10:41:41', '2017-03-24 10:41:41'),
(4397, 166, 52, 5, 2, 0, 5, '2017-03-22', '2017-03-24 10:41:41', '2017-03-24 10:41:41'),
(4398, 166, 41, 4, 1, 0, 5, '2017-03-22', '2017-03-24 10:41:41', '2017-03-24 10:41:41'),
(4399, 166, 91, 9, 1, 0, 5, '2017-03-22', '2017-03-24 10:41:41', '2017-03-24 10:41:41'),
(4400, 166, 43, 4, 3, 0, 5, '2017-03-22', '2017-03-24 10:41:41', '2017-03-24 10:41:41'),
(4401, 166, 9, 0, 9, 0, 5, '2017-03-22', '2017-03-24 10:41:41', '2017-03-24 10:41:41'),
(4402, 166, 48, 4, 8, 0, 5, '2017-03-22', '2017-03-24 10:41:41', '2017-03-24 10:41:41'),
(4403, 166, 20, 2, 0, 0, 6, '2017-03-22', '2017-03-24 10:41:41', '2017-03-24 10:41:41'),
(4404, 166, 66, 6, 6, 0, 6, '2017-03-22', '2017-03-24 10:41:41', '2017-03-24 10:41:41'),
(4405, 166, 34, 3, 4, 0, 6, '2017-03-22', '2017-03-24 10:41:41', '2017-03-24 10:41:41'),
(4406, 166, 95, 9, 5, 0, 7, '2017-03-22', '2017-03-24 10:41:41', '2017-03-24 10:41:41'),
(4407, 166, 38, 3, 8, 0, 7, '2017-03-22', '2017-03-24 10:41:41', '2017-03-24 10:41:41'),
(4408, 166, 23, 2, 3, 0, 7, '2017-03-22', '2017-03-24 10:41:41', '2017-03-24 10:41:41'),
(4409, 166, 34, 3, 4, 0, 7, '2017-03-22', '2017-03-24 10:41:41', '2017-03-24 10:41:41'),
(4410, 70175, 75, 7, 5, 1, 8, '2017-03-22', '2017-03-24 10:41:41', '2017-03-24 10:41:41'),
(4411, 167, 15, 1, 5, 0, 1, '2017-03-23', '2017-03-24 10:41:41', '2017-03-24 10:41:41'),
(4412, 167, 22, 2, 2, 0, 2, '2017-03-23', '2017-03-24 10:41:41', '2017-03-24 10:41:41'),
(4413, 167, 70, 7, 0, 0, 2, '2017-03-23', '2017-03-24 10:41:41', '2017-03-24 10:41:41'),
(4414, 167, 76, 7, 6, 0, 3, '2017-03-23', '2017-03-24 10:41:41', '2017-03-24 10:41:41'),
(4415, 167, 66, 6, 6, 0, 3, '2017-03-23', '2017-03-24 10:41:41', '2017-03-24 10:41:41'),
(4416, 167, 65, 6, 5, 0, 3, '2017-03-23', '2017-03-24 10:41:41', '2017-03-24 10:41:41'),
(4417, 167, 15, 1, 5, 0, 3, '2017-03-23', '2017-03-24 10:41:41', '2017-03-24 10:41:41'),
(4418, 167, 25, 2, 5, 0, 3, '2017-03-23', '2017-03-24 10:41:41', '2017-03-24 10:41:41'),
(4419, 167, 74, 7, 4, 0, 3, '2017-03-23', '2017-03-24 10:41:41', '2017-03-24 10:41:41'),
(4420, 167, 43, 4, 3, 0, 4, '2017-03-23', '2017-03-24 10:41:41', '2017-03-24 10:41:41'),
(4421, 167, 67, 6, 7, 0, 4, '2017-03-23', '2017-03-24 10:41:41', '2017-03-24 10:41:41'),
(4422, 167, 26, 2, 6, 0, 4, '2017-03-23', '2017-03-24 10:41:41', '2017-03-24 10:41:41'),
(4423, 167, 78, 7, 8, 0, 4, '2017-03-23', '2017-03-24 10:41:41', '2017-03-24 10:41:41'),
(4424, 167, 35, 3, 5, 0, 5, '2017-03-23', '2017-03-24 10:41:41', '2017-03-24 10:41:41'),
(4425, 167, 80, 8, 0, 0, 5, '2017-03-23', '2017-03-24 10:41:41', '2017-03-24 10:41:41'),
(4426, 167, 31, 3, 1, 0, 5, '2017-03-23', '2017-03-24 10:41:41', '2017-03-24 10:41:41'),
(4427, 167, 49, 4, 9, 0, 5, '2017-03-23', '2017-03-24 10:41:41', '2017-03-24 10:41:41'),
(4428, 167, 11, 1, 1, 0, 5, '2017-03-23', '2017-03-24 10:41:41', '2017-03-24 10:41:41'),
(4429, 167, 73, 7, 3, 0, 5, '2017-03-23', '2017-03-24 10:41:41', '2017-03-24 10:41:41'),
(4430, 167, 60, 6, 0, 0, 6, '2017-03-23', '2017-03-24 10:41:41', '2017-03-24 10:41:41'),
(4431, 167, 28, 2, 8, 0, 6, '2017-03-23', '2017-03-24 10:41:41', '2017-03-24 10:41:41'),
(4432, 167, 54, 5, 4, 0, 6, '2017-03-23', '2017-03-24 10:41:41', '2017-03-24 10:41:41'),
(4433, 167, 72, 7, 2, 0, 7, '2017-03-23', '2017-03-24 10:41:41', '2017-03-24 10:41:41'),
(4434, 167, 68, 6, 8, 0, 7, '2017-03-23', '2017-03-24 10:41:41', '2017-03-24 10:41:41'),
(4435, 167, 35, 3, 5, 0, 7, '2017-03-23', '2017-03-24 10:41:41', '2017-03-24 10:41:41'),
(4436, 167, 81, 8, 1, 0, 7, '2017-03-23', '2017-03-24 10:41:41', '2017-03-24 10:41:41'),
(4437, 6750, 50, 5, 0, 1, 8, '2017-03-23', '2017-03-24 10:41:41', '2017-03-24 10:41:41');

--
-- Indexes for dumped tables
--

--
-- Indexes for table `dongias`
--
ALTER TABLE `dongias`
  ADD PRIMARY KEY (`id`);

--
-- Indexes for table `giaithuongs`
--
ALTER TABLE `giaithuongs`
  ADD PRIMARY KEY (`id`);

--
-- Indexes for table `ketquas`
--
ALTER TABLE `ketquas`
  ADD PRIMARY KEY (`id`),
  ADD UNIQUE KEY `date` (`date`);

--
-- Indexes for table `lotos`
--
ALTER TABLE `lotos`
  ADD PRIMARY KEY (`id`),
  ADD KEY `ketqua_id` (`ketqua_id`),
  ADD KEY `ketqua_id_2` (`ketqua_id`);

--
-- AUTO_INCREMENT for dumped tables
--

--
-- AUTO_INCREMENT for table `dongias`
--
ALTER TABLE `dongias`
  MODIFY `id` int(11) NOT NULL AUTO_INCREMENT;
--
-- AUTO_INCREMENT for table `giaithuongs`
--
ALTER TABLE `giaithuongs`
  MODIFY `id` int(10) UNSIGNED NOT NULL AUTO_INCREMENT, AUTO_INCREMENT=28;
--
-- AUTO_INCREMENT for table `ketquas`
--
ALTER TABLE `ketquas`
  MODIFY `id` int(10) UNSIGNED NOT NULL AUTO_INCREMENT, AUTO_INCREMENT=168;
--
-- AUTO_INCREMENT for table `lotos`
--
ALTER TABLE `lotos`
  MODIFY `id` int(255) UNSIGNED NOT NULL AUTO_INCREMENT, AUTO_INCREMENT=4438;
/*!40101 SET CHARACTER_SET_CLIENT=@OLD_CHARACTER_SET_CLIENT */;
/*!40101 SET CHARACTER_SET_RESULTS=@OLD_CHARACTER_SET_RESULTS */;
/*!40101 SET COLLATION_CONNECTION=@OLD_COLLATION_CONNECTION */;
